<?xml version="1.0" encoding="UTF-8"?>

<mule xmlns:http="http://www.mulesoft.org/schema/mule/http" xmlns="http://www.mulesoft.org/schema/mule/core" xmlns:doc="http://www.mulesoft.org/schema/mule/documentation"
	xmlns:spring="http://www.springframework.org/schema/beans" 
	xmlns:xsi="http://www.w3.org/2001/XMLSchema-instance"
	xsi:schemaLocation="http://www.springframework.org/schema/beans http://www.springframework.org/schema/beans/spring-beans-current.xsd
http://www.mulesoft.org/schema/mule/core http://www.mulesoft.org/schema/mule/core/current/mule.xsd
http://www.mulesoft.org/schema/mule/http http://www.mulesoft.org/schema/mule/http/current/mule-http.xsd">
    <http:listener-config name="HTTP_Listener_Configuration" host="0.0.0.0" port="8081"  doc:name="HTTP Listener Configuration"/>
    <http:request-config name="HTTP_Request_Configuration" host="localhost" port="8081" basePath="ape" doc:name="HTTP Request Configuration"/>
    <flow name="apessentialFlow">
        <http:listener config-ref="HTTP_Listener_Configuration" path="/hello" allowedMethods="GET" doc:name="HTTP"/>
        <set-payload value="#[message.inboundProperties.'http.query.params'.name ]" doc:name="Set Payload"/>
        <set-property propertyName="name" value="#[message.inboundProperties.'http.query.params'.name]" doc:name="Property"/>
        <set-variable variableName="type" value="#[message.inboundProperties.'http.query.params'.type]" doc:name="Variable"/>
        <set-session-variable variableName="session" value="#[message.inboundProperties.'http.query.params'.session]" doc:name="Session Variable"/>
        <append-string-transformer message=",  How Are you?" doc:name="Append String"/>
        <logger message="#[flowVars.type] #[sessionVars.session] #[message.outboundProperties.name]" level="INFO" doc:name="Logger"/>
    </flow>
</mule>
