<?xml version="1.0" encoding="UTF-8"?>

<mule xmlns:dw="http://www.mulesoft.org/schema/mule/ee/dw" xmlns:metadata="http://www.mulesoft.org/schema/mule/metadata" xmlns:http="http://www.mulesoft.org/schema/mule/http" xmlns="http://www.mulesoft.org/schema/mule/core" xmlns:doc="http://www.mulesoft.org/schema/mule/documentation"
	xmlns:spring="http://www.springframework.org/schema/beans" 
	xmlns:xsi="http://www.w3.org/2001/XMLSchema-instance"
	xsi:schemaLocation="http://www.springframework.org/schema/beans http://www.springframework.org/schema/beans/spring-beans-current.xsd
http://www.mulesoft.org/schema/mule/core http://www.mulesoft.org/schema/mule/core/current/mule.xsd
http://www.mulesoft.org/schema/mule/http http://www.mulesoft.org/schema/mule/http/current/mule-http.xsd
http://www.mulesoft.org/schema/mule/ee/dw http://www.mulesoft.org/schema/mule/ee/dw/current/dw.xsd">
    <http:request-config name="HTTP_Request_Configuration2" host="training.cloudhub.io" port="80" basePath="/build/banking/rest" doc:name="HTTP Request Configuration">
        <http:raml-api-configuration location="build-trainingWheelsBank.raml"/>
    </http:request-config>
    <flow name="ramlFlow">
        <http:listener config-ref="HTTP_Listener_Configuration" path="/bank/{custId}" allowedMethods="GET" doc:name="HTTP"/>
        <set-variable variableName="custId" value="#[message.inboundProperties.'http.uri.params'.custId]" doc:name="Variable"/>
        <http:request config-ref="HTTP_Request_Configuration2" path="/customers/{customer_id}/accounts" method="GET" doc:name="HTTP">
            <http:request-builder>
                <http:uri-param paramName="customer_id" value="#[flowVars.custId]"/>
            </http:request-builder>
        </http:request>
        <dw:transform-message doc:name="Transform Message" metadata:id="a03a1fb5-e47a-4db6-8b83-4ecc6131467e">
            <dw:set-payload><![CDATA[%dw 1.0
%output application/xml
---
{
	accounts: {
		(payload map ((payload01 , indexOfPayload01) -> {
			account: {
				acno: payload01.account_id as :number,
				name: payload01.user_id,
				bal: payload01.money
			}
		}))
	}
}]]></dw:set-payload>
        </dw:transform-message>
        <logger level="INFO" doc:name="Logger" message="#[payload]"/>
    </flow>
</mule>
