<?xml version="1.0" encoding="UTF-8"?>

<mule xmlns:dw="http://www.mulesoft.org/schema/mule/ee/dw" xmlns:metadata="http://www.mulesoft.org/schema/mule/metadata" xmlns:ws="http://www.mulesoft.org/schema/mule/ws" xmlns:json="http://www.mulesoft.org/schema/mule/json" xmlns:http="http://www.mulesoft.org/schema/mule/http" xmlns:mulexml="http://www.mulesoft.org/schema/mule/xml" xmlns="http://www.mulesoft.org/schema/mule/core" xmlns:doc="http://www.mulesoft.org/schema/mule/documentation"
	xmlns:spring="http://www.springframework.org/schema/beans" 
	xmlns:xsi="http://www.w3.org/2001/XMLSchema-instance"
	xsi:schemaLocation="http://www.springframework.org/schema/beans http://www.springframework.org/schema/beans/spring-beans-current.xsd
http://www.mulesoft.org/schema/mule/core http://www.mulesoft.org/schema/mule/core/current/mule.xsd
http://www.mulesoft.org/schema/mule/http http://www.mulesoft.org/schema/mule/http/current/mule-http.xsd
http://www.mulesoft.org/schema/mule/ws http://www.mulesoft.org/schema/mule/ws/current/mule-ws.xsd
http://www.mulesoft.org/schema/mule/xml http://www.mulesoft.org/schema/mule/xml/current/mule-xml.xsd
http://www.mulesoft.org/schema/mule/json http://www.mulesoft.org/schema/mule/json/current/mule-json.xsd
http://www.mulesoft.org/schema/mule/ee/dw http://www.mulesoft.org/schema/mule/ee/dw/current/dw.xsd">
    <ws:consumer-config name="Web_Service_Consumer" service="TicketServiceService" port="TicketServicePort" serviceAddress="http://training.cloudhub.io/essentials/delta" wsdlLocation="delta.wsdl" doc:name="Web Service Consumer"/>
    <flow name="webserviceFlow">
        <http:listener config-ref="HTTP_Listener_Configuration" path="/delta/{dest}" allowedMethods="GET" doc:name="HTTP"/>
        <set-variable variableName="destination" value="#[message.inboundProperties.'http.uri.params'.dest]" doc:name="Variable"/>
        <dw:transform-message doc:name="Transform Message">
            <dw:set-payload><![CDATA[%dw 1.0
%output application/xml
%namespace ns0 http://soap.training.mulesoft.com/
---
{
	ns0#findFlight: {
		destination: flowVars.destination as :string
	}
}]]></dw:set-payload>
        </dw:transform-message>
        <ws:consumer config-ref="Web_Service_Consumer" operation="findFlight" doc:name="Web Service Consumer"/>
        <dw:transform-message metadata:id="d242a764-4211-4079-87f6-c125fd159075" doc:name="Transform Message">
            <dw:input-variable doc:sample="sample_data\map_string_string.dwl" variableName="destination"/>
            <dw:set-payload><![CDATA[%dw 1.0
%output application/json
%namespace ns0 http://soap.training.mulesoft.com/
---
{
	flights: payload.ns0#findFlightResponse.*return map ((return , indexOfReturn) -> {
		airlineName: return.airlineName,
		price: return.price,
		departureDate: return.departureDate,
		planeType: return.planeType,
		origin: return.origin,
		code: return.code,
		emptySeats: return.emptySeats,
		destination: return.destination
	})
}]]></dw:set-payload>
        </dw:transform-message>
        <logger message="#[payload]" level="INFO" doc:name="Logger"/>
    </flow>
</mule>
