<custom__type__definition>
  <version>5.2.0.0</version>
  <typeName class="org.mule.common.metadata.DefaultMetaDataKey">
    <id>xmlMetadata</id>
    <displayName>xmlMetadata</displayName>
    <category>DEFAULT</category>
    <metaDataKeyPropertiesManager>
      <properties>
        <org.mule.common.metadata.key.property.dsql.DsqlFromMetaDataKeyProperty/>
      </properties>
    </metaDataKeyPropertiesManager>
  </typeName>
  <metadataModel class="org.mule.common.metadata.DefaultXmlMetaDataModel">
    <dataType>XML</dataType>
    <metaDataModelPropertiesManager>
      <properties>
        <org.mule.common.metadata.property.xml.SchemaTypeMetaDataProperty>
          <typeQName>
            <namespaceURI></namespaceURI>
            <localPart>flightsType</localPart>
            <prefix></prefix>
          </typeQName>
        </org.mule.common.metadata.property.xml.SchemaTypeMetaDataProperty>
        <org.mule.common.metadata.property.TextBasedExampleMetaDataModelProperty>
          <exampleContent>D:\Mulesoft\LabSetup 3.8\APEssentials3.8_studentFiles_20may2016\schemas-and-examples\data.xml</exampleContent>
        </org.mule.common.metadata.property.TextBasedExampleMetaDataModelProperty>
        <org.mule.tooling.metadata.properties.DefinitionEditorModeType>
          <mode>EXAMPLE</mode>
          <path>D:\Mulesoft\LabSetup 3.8\APEssentials3.8_studentFiles_20may2016\schemas-and-examples\data.xml</path>
          <rootElement>flights</rootElement>
        </org.mule.tooling.metadata.properties.DefinitionEditorModeType>
      </properties>
    </metaDataModelPropertiesManager>
    <fields>
      <org.mule.common.metadata.DefaultMetaDataField>
        <name>flight</name>
        <model class="org.mule.common.metadata.DefaultListMetaDataModel">
          <dataType>LIST</dataType>
          <metaDataModelPropertiesManager>
            <properties>
              <org.mule.common.metadata.property.xml.SchemaTypeMetaDataProperty>
                <typeQName>
                  <namespaceURI></namespaceURI>
                  <localPart>flightType</localPart>
                  <prefix></prefix>
                </typeQName>
              </org.mule.common.metadata.property.xml.SchemaTypeMetaDataProperty>
              <org.mule.common.metadata.property.xml.UnboundMetaDataProperty>
                <maxOccurs>2147483647</maxOccurs>
                <minOccurs>0</minOccurs>
              </org.mule.common.metadata.property.xml.UnboundMetaDataProperty>
            </properties>
          </metaDataModelPropertiesManager>
          <model class="org.mule.common.metadata.DefaultXmlMetaDataModel">
            <dataType>XML</dataType>
            <metaDataModelPropertiesManager>
              <properties/>
            </metaDataModelPropertiesManager>
            <fields>
              <org.mule.common.metadata.DefaultMetaDataField>
                <name>myPrice</name>
                <model class="org.mule.common.metadata.DefaultSimpleMetaDataModel">
                  <dataType>INTEGER</dataType>
                  <metaDataModelPropertiesManager>
                    <properties/>
                  </metaDataModelPropertiesManager>
                </model>
                <accessType>READ_WRITE</accessType>
                <metaDataFieldPropertyManager>
                  <properties>
                    <org.mule.common.metadata.property.QNameMetaDataProperty>
                      <name>
                        <namespaceURI></namespaceURI>
                        <localPart>myPrice</localPart>
                        <prefix></prefix>
                      </name>
                    </org.mule.common.metadata.property.QNameMetaDataProperty>
                  </properties>
                </metaDataFieldPropertyManager>
              </org.mule.common.metadata.DefaultMetaDataField>
              <org.mule.common.metadata.DefaultMetaDataField>
                <name>depDate</name>
                <model class="org.mule.common.metadata.DefaultSimpleMetaDataModel">
                  <dataType>STRING</dataType>
                  <metaDataModelPropertiesManager>
                    <properties/>
                  </metaDataModelPropertiesManager>
                </model>
                <accessType>READ_WRITE</accessType>
                <metaDataFieldPropertyManager>
                  <properties>
                    <org.mule.common.metadata.property.QNameMetaDataProperty>
                      <name>
                        <namespaceURI></namespaceURI>
                        <localPart>depDate</localPart>
                        <prefix></prefix>
                      </name>
                    </org.mule.common.metadata.property.QNameMetaDataProperty>
                  </properties>
                </metaDataFieldPropertyManager>
              </org.mule.common.metadata.DefaultMetaDataField>
              <org.mule.common.metadata.DefaultMetaDataField>
                <name>origin</name>
                <model class="org.mule.common.metadata.DefaultSimpleMetaDataModel">
                  <dataType>STRING</dataType>
                  <metaDataModelPropertiesManager>
                    <properties>
                      <org.mule.common.metadata.property.xml.SchemaTypeMetaDataProperty>
                        <typeQName>
                          <namespaceURI>http://www.w3.org/2001/XMLSchema</namespaceURI>
                          <localPart>string</localPart>
                          <prefix></prefix>
                        </typeQName>
                      </org.mule.common.metadata.property.xml.SchemaTypeMetaDataProperty>
                    </properties>
                  </metaDataModelPropertiesManager>
                </model>
                <accessType>READ_WRITE</accessType>
                <metaDataFieldPropertyManager>
                  <properties>
                    <org.mule.common.metadata.property.QNameMetaDataProperty>
                      <name>
                        <namespaceURI></namespaceURI>
                        <localPart>origin</localPart>
                        <prefix></prefix>
                      </name>
                    </org.mule.common.metadata.property.QNameMetaDataProperty>
                  </properties>
                </metaDataFieldPropertyManager>
              </org.mule.common.metadata.DefaultMetaDataField>
              <org.mule.common.metadata.DefaultMetaDataField>
                <name>emptySeats</name>
                <model class="org.mule.common.metadata.DefaultSimpleMetaDataModel">
                  <dataType>INTEGER</dataType>
                  <metaDataModelPropertiesManager>
                    <properties/>
                  </metaDataModelPropertiesManager>
                </model>
                <accessType>READ_WRITE</accessType>
                <metaDataFieldPropertyManager>
                  <properties>
                    <org.mule.common.metadata.property.QNameMetaDataProperty>
                      <name>
                        <namespaceURI></namespaceURI>
                        <localPart>emptySeats</localPart>
                        <prefix></prefix>
                      </name>
                    </org.mule.common.metadata.property.QNameMetaDataProperty>
                  </properties>
                </metaDataFieldPropertyManager>
              </org.mule.common.metadata.DefaultMetaDataField>
              <org.mule.common.metadata.DefaultMetaDataField>
                <name>planeDetails</name>
                <model class="org.mule.common.metadata.DefaultXmlMetaDataModel">
                  <dataType>XML</dataType>
                  <metaDataModelPropertiesManager>
                    <properties>
                      <org.mule.common.metadata.property.xml.SchemaTypeMetaDataProperty>
                        <typeQName>
                          <namespaceURI></namespaceURI>
                          <localPart>planeDetailsType</localPart>
                          <prefix></prefix>
                        </typeQName>
                      </org.mule.common.metadata.property.xml.SchemaTypeMetaDataProperty>
                    </properties>
                  </metaDataModelPropertiesManager>
                  <fields>
                    <org.mule.common.metadata.DefaultMetaDataField>
                      <name>airline</name>
                      <model class="org.mule.common.metadata.DefaultSimpleMetaDataModel">
                        <dataType>STRING</dataType>
                        <metaDataModelPropertiesManager>
                          <properties>
                            <org.mule.common.metadata.property.xml.SchemaTypeMetaDataProperty>
                              <typeQName reference="../../../../../../../../../org.mule.common.metadata.DefaultMetaDataField[3]/model/metaDataModelPropertiesManager/properties/org.mule.common.metadata.property.xml.SchemaTypeMetaDataProperty/typeQName"/>
                            </org.mule.common.metadata.property.xml.SchemaTypeMetaDataProperty>
                          </properties>
                        </metaDataModelPropertiesManager>
                      </model>
                      <accessType>READ_WRITE</accessType>
                      <metaDataFieldPropertyManager>
                        <properties>
                          <org.mule.common.metadata.property.QNameMetaDataProperty>
                            <name>
                              <namespaceURI></namespaceURI>
                              <localPart>airline</localPart>
                              <prefix></prefix>
                            </name>
                          </org.mule.common.metadata.property.QNameMetaDataProperty>
                        </properties>
                      </metaDataFieldPropertyManager>
                    </org.mule.common.metadata.DefaultMetaDataField>
                    <org.mule.common.metadata.DefaultMetaDataField>
                      <name>flightType</name>
                      <model class="org.mule.common.metadata.DefaultSimpleMetaDataModel">
                        <dataType>STRING</dataType>
                        <metaDataModelPropertiesManager>
                          <properties/>
                        </metaDataModelPropertiesManager>
                      </model>
                      <accessType>READ_WRITE</accessType>
                      <metaDataFieldPropertyManager>
                        <properties>
                          <org.mule.common.metadata.property.QNameMetaDataProperty>
                            <name>
                              <namespaceURI></namespaceURI>
                              <localPart>flightType</localPart>
                              <prefix></prefix>
                            </name>
                          </org.mule.common.metadata.property.QNameMetaDataProperty>
                        </properties>
                      </metaDataFieldPropertyManager>
                    </org.mule.common.metadata.DefaultMetaDataField>
                    <org.mule.common.metadata.DefaultMetaDataField>
                      <name>planeCode</name>
                      <model class="org.mule.common.metadata.DefaultSimpleMetaDataModel">
                        <dataType>STRING</dataType>
                        <metaDataModelPropertiesManager>
                          <properties>
                            <org.mule.common.metadata.property.xml.SchemaTypeMetaDataProperty>
                              <typeQName reference="../../../../../../../../../org.mule.common.metadata.DefaultMetaDataField[3]/model/metaDataModelPropertiesManager/properties/org.mule.common.metadata.property.xml.SchemaTypeMetaDataProperty/typeQName"/>
                            </org.mule.common.metadata.property.xml.SchemaTypeMetaDataProperty>
                          </properties>
                        </metaDataModelPropertiesManager>
                      </model>
                      <accessType>READ_WRITE</accessType>
                      <metaDataFieldPropertyManager>
                        <properties>
                          <org.mule.common.metadata.property.QNameMetaDataProperty>
                            <name>
                              <namespaceURI></namespaceURI>
                              <localPart>planeCode</localPart>
                              <prefix></prefix>
                            </name>
                          </org.mule.common.metadata.property.QNameMetaDataProperty>
                          <org.mule.common.metadata.property.LabelMetaDataProperty>
                            <label>@planeCode</label>
                          </org.mule.common.metadata.property.LabelMetaDataProperty>
                          <org.mule.common.metadata.property.xml.AttributeMetaDataFieldProperty>
                            <isAttribute>true</isAttribute>
                          </org.mule.common.metadata.property.xml.AttributeMetaDataFieldProperty>
                        </properties>
                      </metaDataFieldPropertyManager>
                    </org.mule.common.metadata.DefaultMetaDataField>
                  </fields>
                  <rootElement>
                    <namespaceURI></namespaceURI>
                    <localPart>flights</localPart>
                    <prefix></prefix>
                  </rootElement>
                  <schemas class="org.mule.common.metadata.StringBasedSchemaProvider">
                    <schemas>
                      <string>&lt;xs:schema attributeFormDefault=&quot;unqualified&quot; elementFormDefault=&quot;qualified&quot; xmlns:xs=&quot;http://www.w3.org/2001/XMLSchema&quot;&gt;&#xd;
  &lt;xs:element name=&quot;flights&quot; type=&quot;flightsType&quot;/&gt;&#xd;
  &lt;xs:complexType name=&quot;flightsType&quot;&gt;&#xd;
    &lt;xs:sequence&gt;&#xd;
      &lt;xs:element type=&quot;flightType&quot; name=&quot;flight&quot; maxOccurs=&quot;unbounded&quot; minOccurs=&quot;0&quot;/&gt;&#xd;
    &lt;/xs:sequence&gt;&#xd;
    &lt;xs:attribute type=&quot;xs:byte&quot; name=&quot;size&quot;/&gt;&#xd;
  &lt;/xs:complexType&gt;&#xd;
  &lt;xs:complexType name=&quot;planeDetailsType&quot;&gt;&#xd;
    &lt;xs:sequence&gt;&#xd;
      &lt;xs:element type=&quot;xs:string&quot; name=&quot;airline&quot;/&gt;&#xd;
      &lt;xs:element name=&quot;flightType&quot;&gt;&#xd;
        &lt;xs:simpleType&gt;&#xd;
          &lt;xs:restriction base=&quot;xs:string&quot;&gt;&#xd;
            &lt;xs:enumeration value=&quot;Boing 737&quot;/&gt;&#xd;
            &lt;xs:enumeration value=&quot;Boing 757&quot;/&gt;&#xd;
            &lt;xs:enumeration value=&quot;Boing 777&quot;/&gt;&#xd;
          &lt;/xs:restriction&gt;&#xd;
        &lt;/xs:simpleType&gt;&#xd;
      &lt;/xs:element&gt;&#xd;
    &lt;/xs:sequence&gt;&#xd;
    &lt;xs:attribute type=&quot;xs:string&quot; name=&quot;planeCode&quot; use=&quot;optional&quot;/&gt;&#xd;
  &lt;/xs:complexType&gt;&#xd;
  &lt;xs:complexType name=&quot;flightType&quot;&gt;&#xd;
    &lt;xs:sequence&gt;&#xd;
      &lt;xs:element name=&quot;myPrice&quot;&gt;&#xd;
        &lt;xs:simpleType&gt;&#xd;
          &lt;xs:restriction base=&quot;xs:short&quot;&gt;&#xd;
            &lt;xs:enumeration value=&quot;0&quot;/&gt;&#xd;
            &lt;xs:enumeration value=&quot;945&quot;/&gt;&#xd;
            &lt;xs:enumeration value=&quot;954&quot;/&gt;&#xd;
          &lt;/xs:restriction&gt;&#xd;
        &lt;/xs:simpleType&gt;&#xd;
      &lt;/xs:element&gt;&#xd;
      &lt;xs:element name=&quot;depDate&quot;&gt;&#xd;
        &lt;xs:simpleType&gt;&#xd;
          &lt;xs:restriction base=&quot;xs:string&quot;&gt;&#xd;
            &lt;xs:enumeration value=&quot;2015/03/20&quot;/&gt;&#xd;
            &lt;xs:enumeration value=&quot;2015/09/11&quot;/&gt;&#xd;
            &lt;xs:enumeration value=&quot;2015/02/12&quot;/&gt;&#xd;
          &lt;/xs:restriction&gt;&#xd;
        &lt;/xs:simpleType&gt;&#xd;
      &lt;/xs:element&gt;&#xd;
      &lt;xs:element type=&quot;xs:string&quot; name=&quot;origin&quot;/&gt;&#xd;
      &lt;xs:element name=&quot;emptySeats&quot;&gt;&#xd;
        &lt;xs:simpleType&gt;&#xd;
          &lt;xs:restriction base=&quot;xs:byte&quot;&gt;&#xd;
            &lt;xs:enumeration value=&quot;0&quot;/&gt;&#xd;
            &lt;xs:enumeration value=&quot;54&quot;/&gt;&#xd;
            &lt;xs:enumeration value=&quot;23&quot;/&gt;&#xd;
          &lt;/xs:restriction&gt;&#xd;
        &lt;/xs:simpleType&gt;&#xd;
      &lt;/xs:element&gt;&#xd;
      &lt;xs:element type=&quot;planeDetailsType&quot; name=&quot;planeDetails&quot;/&gt;&#xd;
    &lt;/xs:sequence&gt;&#xd;
    &lt;xs:attribute type=&quot;xs:string&quot; name=&quot;dest&quot; use=&quot;optional&quot;/&gt;&#xd;
  &lt;/xs:complexType&gt;&#xd;
&lt;/xs:schema&gt;</string>
                    </schemas>
                    <encoding>UTF-8</encoding>
                  </schemas>
                  <namespaceManager>
                    <namespacePrefix/>
                  </namespaceManager>
                </model>
                <accessType>READ_WRITE</accessType>
                <metaDataFieldPropertyManager>
                  <properties>
                    <org.mule.common.metadata.property.QNameMetaDataProperty>
                      <name>
                        <namespaceURI></namespaceURI>
                        <localPart>planeDetails</localPart>
                        <prefix></prefix>
                      </name>
                    </org.mule.common.metadata.property.QNameMetaDataProperty>
                  </properties>
                </metaDataFieldPropertyManager>
              </org.mule.common.metadata.DefaultMetaDataField>
              <org.mule.common.metadata.DefaultMetaDataField>
                <name>dest</name>
                <model class="org.mule.common.metadata.DefaultSimpleMetaDataModel">
                  <dataType>STRING</dataType>
                  <metaDataModelPropertiesManager>
                    <properties>
                      <org.mule.common.metadata.property.xml.SchemaTypeMetaDataProperty>
                        <typeQName reference="../../../../../../org.mule.common.metadata.DefaultMetaDataField[3]/model/metaDataModelPropertiesManager/properties/org.mule.common.metadata.property.xml.SchemaTypeMetaDataProperty/typeQName"/>
                      </org.mule.common.metadata.property.xml.SchemaTypeMetaDataProperty>
                    </properties>
                  </metaDataModelPropertiesManager>
                </model>
                <accessType>READ_WRITE</accessType>
                <metaDataFieldPropertyManager>
                  <properties>
                    <org.mule.common.metadata.property.QNameMetaDataProperty>
                      <name>
                        <namespaceURI></namespaceURI>
                        <localPart>dest</localPart>
                        <prefix></prefix>
                      </name>
                    </org.mule.common.metadata.property.QNameMetaDataProperty>
                    <org.mule.common.metadata.property.LabelMetaDataProperty>
                      <label>@dest</label>
                    </org.mule.common.metadata.property.LabelMetaDataProperty>
                    <org.mule.common.metadata.property.xml.AttributeMetaDataFieldProperty>
                      <isAttribute>true</isAttribute>
                    </org.mule.common.metadata.property.xml.AttributeMetaDataFieldProperty>
                  </properties>
                </metaDataFieldPropertyManager>
              </org.mule.common.metadata.DefaultMetaDataField>
            </fields>
            <rootElement reference="../fields/org.mule.common.metadata.DefaultMetaDataField[5]/model/rootElement"/>
            <schemas class="org.mule.common.metadata.StringBasedSchemaProvider" reference="../fields/org.mule.common.metadata.DefaultMetaDataField[5]/model/schemas"/>
            <namespaceManager reference="../fields/org.mule.common.metadata.DefaultMetaDataField[5]/model/namespaceManager"/>
          </model>
          <isArray>false</isArray>
        </model>
        <accessType>READ_WRITE</accessType>
        <metaDataFieldPropertyManager>
          <properties>
            <org.mule.common.metadata.property.QNameMetaDataProperty>
              <name>
                <namespaceURI></namespaceURI>
                <localPart>flight</localPart>
                <prefix></prefix>
              </name>
            </org.mule.common.metadata.property.QNameMetaDataProperty>
          </properties>
        </metaDataFieldPropertyManager>
      </org.mule.common.metadata.DefaultMetaDataField>
      <org.mule.common.metadata.DefaultMetaDataField>
        <name>size</name>
        <model class="org.mule.common.metadata.DefaultSimpleMetaDataModel">
          <dataType>INTEGER</dataType>
          <metaDataModelPropertiesManager>
            <properties>
              <org.mule.common.metadata.property.xml.SchemaTypeMetaDataProperty>
                <typeQName>
                  <namespaceURI>http://www.w3.org/2001/XMLSchema</namespaceURI>
                  <localPart>byte</localPart>
                  <prefix></prefix>
                </typeQName>
              </org.mule.common.metadata.property.xml.SchemaTypeMetaDataProperty>
            </properties>
          </metaDataModelPropertiesManager>
        </model>
        <accessType>READ_WRITE</accessType>
        <metaDataFieldPropertyManager>
          <properties>
            <org.mule.common.metadata.property.QNameMetaDataProperty>
              <name>
                <namespaceURI></namespaceURI>
                <localPart>size</localPart>
                <prefix></prefix>
              </name>
            </org.mule.common.metadata.property.QNameMetaDataProperty>
            <org.mule.common.metadata.property.LabelMetaDataProperty>
              <label>@size</label>
            </org.mule.common.metadata.property.LabelMetaDataProperty>
            <org.mule.common.metadata.property.xml.AttributeMetaDataFieldProperty>
              <isAttribute>true</isAttribute>
            </org.mule.common.metadata.property.xml.AttributeMetaDataFieldProperty>
          </properties>
        </metaDataFieldPropertyManager>
      </org.mule.common.metadata.DefaultMetaDataField>
    </fields>
    <rootElement reference="../fields/org.mule.common.metadata.DefaultMetaDataField/model/model/fields/org.mule.common.metadata.DefaultMetaDataField[5]/model/rootElement"/>
    <schemas class="org.mule.common.metadata.StringBasedSchemaProvider">
      <schemas reference="../../fields/org.mule.common.metadata.DefaultMetaDataField/model/model/fields/org.mule.common.metadata.DefaultMetaDataField[5]/model/schemas/schemas"/>
      <encoding reference="../../fields/org.mule.common.metadata.DefaultMetaDataField/model/model/fields/org.mule.common.metadata.DefaultMetaDataField[5]/model/schemas/encoding"/>
    </schemas>
    <namespaceManager reference="../fields/org.mule.common.metadata.DefaultMetaDataField/model/model/fields/org.mule.common.metadata.DefaultMetaDataField[5]/model/namespaceManager"/>
  </metadataModel>
</custom__type__definition>