<?xml version="1.0" encoding="UTF-8"?>

<mule xmlns:file="http://www.mulesoft.org/schema/mule/file" xmlns="http://www.mulesoft.org/schema/mule/core" xmlns:doc="http://www.mulesoft.org/schema/mule/documentation"
	xmlns:spring="http://www.springframework.org/schema/beans" 
	xmlns:xsi="http://www.w3.org/2001/XMLSchema-instance"
	xsi:schemaLocation="http://www.springframework.org/schema/beans http://www.springframework.org/schema/beans/spring-beans-current.xsd
http://www.mulesoft.org/schema/mule/core http://www.mulesoft.org/schema/mule/core/current/mule.xsd
http://www.mulesoft.org/schema/mule/file http://www.mulesoft.org/schema/mule/file/current/mule-file.xsd">
    <file:connector name="File" outputPattern="#[message.inboundProperties.originalFilename]" writeToDirectory="D:\Mulesoft\target" readFromDirectory="D:\Mulesoft\input" autoDelete="true" streaming="true" validateConnections="true" doc:name="File"/>
    <flow name="filesFlow">
        <file:inbound-endpoint path="D:\Mulesoft\input" moveToPattern="#[message.inboundProperties.originalFilename +'  ' + server.nanoTime()]" moveToDirectory="D:\Mulesoft\output" pollingFrequency="5000" responseTimeout="10000" doc:name="File">
            <file:filename-regex-filter pattern=".*pdf" caseSensitive="true"/>
        </file:inbound-endpoint>
        <file:file-to-string-transformer doc:name="File to String"/>
        <logger message="#[payload]" level="INFO" doc:name="Logger"/>
        <file:outbound-endpoint path="D:\Mulesoft\target" outputPattern="#[message.inboundProperties.originalFilename]" responseTimeout="10000" doc:name="File"/>
    </flow>
</mule>
