<?xml version="1.0" encoding="UTF-8"?>

<mule xmlns:dw="http://www.mulesoft.org/schema/mule/ee/dw" xmlns:metadata="http://www.mulesoft.org/schema/mule/metadata" xmlns:google-contacts="http://www.mulesoft.org/schema/mule/google-contacts" xmlns:context="http://www.springframework.org/schema/context" xmlns:db="http://www.mulesoft.org/schema/mule/db" xmlns:json="http://www.mulesoft.org/schema/mule/json" xmlns:http="http://www.mulesoft.org/schema/mule/http" xmlns="http://www.mulesoft.org/schema/mule/core" xmlns:doc="http://www.mulesoft.org/schema/mule/documentation"
	xmlns:spring="http://www.springframework.org/schema/beans" 
	xmlns:xsi="http://www.w3.org/2001/XMLSchema-instance"
	xsi:schemaLocation="http://www.springframework.org/schema/beans http://www.springframework.org/schema/beans/spring-beans-current.xsd
http://www.mulesoft.org/schema/mule/core http://www.mulesoft.org/schema/mule/core/current/mule.xsd
http://www.mulesoft.org/schema/mule/http http://www.mulesoft.org/schema/mule/http/current/mule-http.xsd
http://www.mulesoft.org/schema/mule/db http://www.mulesoft.org/schema/mule/db/current/mule-db.xsd
http://www.mulesoft.org/schema/mule/json http://www.mulesoft.org/schema/mule/json/current/mule-json.xsd
http://www.springframework.org/schema/context http://www.springframework.org/schema/context/spring-context-current.xsd
http://www.mulesoft.org/schema/mule/google-contacts http://www.mulesoft.org/schema/mule/google-contacts/current/mule-google-contacts.xsd
http://www.mulesoft.org/schema/mule/ee/dw http://www.mulesoft.org/schema/mule/ee/dw/current/dw.xsd">
    <http:listener-config name="HTTP_Listener_Configuration" host="0.0.0.0" port="8081" doc:name="HTTP Listener Configuration"/>
    <db:mysql-config name="MySQL_Configuration"      doc:name="MySQL Configuration" database="${db}" host="${host}" password="${pswd}" port="${port}" user="${user}"/>
    <db:template-query name="Template_Query" doc:name="Template Query">
        <db:parameterized-query><![CDATA[select * from flights where toAirport = :destination]]></db:parameterized-query>
    </db:template-query>
    <context:property-placeholder location="classpath:${env}.properties"/>
    <http:request-config name="HTTP_Request_Configuration" host="localhost" port="8081" doc:name="HTTP Request Configuration"/>
    <flow name="dbFlow">
        <http:listener config-ref="HTTP_Listener_Configuration" path="/american/{dest}" allowedMethods="GET" doc:name="HTTP"/>
        <set-variable variableName="destination" value="#[message.inboundProperties.'http.uri.params'.dest]" doc:name="Variable"/>
        <db:select config-ref="MySQL_Configuration" doc:name="Database">
            <db:template-query-ref name="Template_Query"/>
            <db:in-param name="destination" value="#[destination]"/>
        </db:select>
        <dw:transform-message metadata:id="5671c2c5-cb9e-469f-a08e-4f5b9f059c97" doc:name="Transform Message">
            <dw:set-payload><![CDATA[%dw 1.0
%output application/json
---
{
	flights: payload map ((payload01 , indexOfPayload01) -> {
		airlineName: payload01.airlineName,
		price: payload01.price as :number,
		departureDate: payload01.takeOffDate as :string,
		planeType: payload01.planeType,
		origin: payload01.fromAirport,
		code: payload01.code2 ++ payload01.code1,
		emptySeats: payload01.seatsAvailable as :number
		when (payload01.seatsAvailable != "none") otherwise 0,
		destination: payload01.toAirport
	})
}]]></dw:set-payload>
        </dw:transform-message>
        <logger message="#[payload]" level="INFO" doc:name="Logger"/>
    </flow>
</mule>
