<?xml version="1.0" encoding="UTF-8"?>

<mule xmlns:metadata="http://www.mulesoft.org/schema/mule/metadata" xmlns:dw="http://www.mulesoft.org/schema/mule/ee/dw" xmlns:json="http://www.mulesoft.org/schema/mule/json" xmlns:http="http://www.mulesoft.org/schema/mule/http" xmlns="http://www.mulesoft.org/schema/mule/core" xmlns:doc="http://www.mulesoft.org/schema/mule/documentation"
	xmlns:spring="http://www.springframework.org/schema/beans" 
	xmlns:xsi="http://www.w3.org/2001/XMLSchema-instance"
	xsi:schemaLocation="http://www.springframework.org/schema/beans http://www.springframework.org/schema/beans/spring-beans-current.xsd
http://www.mulesoft.org/schema/mule/core http://www.mulesoft.org/schema/mule/core/current/mule.xsd
http://www.mulesoft.org/schema/mule/http http://www.mulesoft.org/schema/mule/http/current/mule-http.xsd
http://www.mulesoft.org/schema/mule/json http://www.mulesoft.org/schema/mule/json/current/mule-json.xsd
http://www.mulesoft.org/schema/mule/ee/dw http://www.mulesoft.org/schema/mule/ee/dw/current/dw.xsd">
    <http:listener-config name="HTTP_Listener_Configuration" host="0.0.0.0" port="8081" doc:name="HTTP Listener Configuration"/>
    <flow name="dwlFlow">
        <http:listener config-ref="HTTP_Listener_Configuration" path="/flights" allowedMethods="GET" doc:name="HTTP"/>
        <set-variable variableName="name" value="Govind" doc:name="Variable"/>
        <parse-template location="D:\mule\dwl\src\main\resources\FlightFinder.html" doc:name="Parse Template"/>
        <logger  level="INFO" doc:name="Logger"/>
    </flow>
    <flow name="dwlFlow1">
        <http:listener config-ref="HTTP_Listener_Configuration" path="/flights" allowedMethods="POST" doc:name="HTTP"/>
        <set-payload value="[{&quot;airlineName&quot;:&quot;United&quot;,&quot;price&quot;:400,&quot;departureDate&quot;:&quot;2015/03/20&quot;,&quot;planeType&quot;:&quot;Boeing 737&quot;,&quot;origination&quot;:&quot;MUA&quot;,&quot;flightCode&quot;:&quot;ER38sd&quot;,&quot;availableSeats&quot;:0,&quot;destination&quot;:&quot;SFO&quot;},{&quot;airlineName&quot;:&quot;United&quot;,&quot;price&quot;:945,&quot;departureDate&quot;:&quot;2015/09/11&quot;,&quot;planeType&quot;:&quot;Boeing 757&quot;,&quot;origination&quot;:&quot;MUA&quot;,&quot;flightCode&quot;:&quot;ER39rk&quot;,&quot;availableSeats&quot;:54,&quot;destination&quot;:&quot;SFO&quot;},{&quot;airlineName&quot;:&quot;United&quot;,&quot;price&quot;:954,&quot;departureDate&quot;:&quot;2015/02/12&quot;,&quot;planeType&quot;:&quot;Boeing 777&quot;,&quot;origination&quot;:&quot;MUA&quot;,&quot;flightCode&quot;:&quot;ER39rj&quot;,&quot;availableSeats&quot;:23,&quot;destination&quot;:&quot;SFO&quot;}]" mimeType="application/json" doc:name="Set Payload"/>
        <dw:transform-message doc:name="Transform Message">
            <dw:input-payload doc:sample="sample_data\json.json"/>
            <dw:set-payload><![CDATA[%dw 1.0
%output application/xml
---
flights @(size : sizeOf payload) : {(
	payload map flight @(dest: $.destination) : {
	airlineName : $.airlineName,
	departureDate: $.departureDate,
	destination: $.destination,
	emptySeats: $.availableSeats,
	flightCode: $.flightCode,
	origination: $.origination,
	planeType: $.planeType,
	price: $.price,
	planeDetails : {
		airline @(origin : $.origination) : upper $.airlineName,
		planecode : lower $.planeType
	}
	}
)}]]></dw:set-payload>
        </dw:transform-message>
        <json:object-to-json-transformer doc:name="Object to JSON"/>
        <logger message="#[payload]" level="INFO" doc:name="Logger"/>
    </flow>
    <flow name="dwlFlow2">
        <http:listener config-ref="HTTP_Listener_Configuration" path="/static" allowedMethods="GET" doc:name="HTTP"/>
        <parse-template location="D:\mule\dwl\src\main\resources\data.xml" doc:name="Parse Template"/>
        <set-payload value="#[payload]" mimeType="application/xml" doc:name="Set Payload"/>
        <dw:transform-message metadata:id="623d34f7-2afd-4756-ae44-506145079013" doc:name="Transform Message">
            <dw:input-payload doc:sample="sample_data\empty.xml" mimeType="application/xml"/>
            <dw:set-payload><![CDATA[%dw 1.0
%output application/json
---
payload.flights.*flight map ((flight , indexOfFlight) -> {
	price: flight.myPrice as :string,
	date: flight.depDate,
	from: flight.origin,
	seats: flight.emptySeats as :string,
	airline: flight.planeDetails.airline,
	type: flight.planeDetails.flightType,
	dest: flight.@dest
})]]></dw:set-payload>
        </dw:transform-message>
    </flow>
</mule>
