<metadata__cache__entry>
  <version>5.2.0.0</version>
  <connectorName>MySQL_Configuration</connectorName>
  <metadataIo class="tree-map">
    <entry>
      <string>http://www.mulesoft.org/schema/mule/db/select</string>
      <map>
        <entry>
          <string>__default__</string>
          <org.mule.tooling.metadata.cache.DefaultMetadataCacheEntry>
            <output class="org.mule.common.metadata.DefaultMetaData">
              <payload class="org.mule.common.metadata.DefaultListMetaDataModel">
                <dataType>LIST</dataType>
                <metaDataModelPropertiesManager>
                  <properties/>
                </metaDataModelPropertiesManager>
                <model class="org.mule.common.metadata.DefaultDefinedMapMetaDataModel">
                  <dataType>MAP</dataType>
                  <metaDataModelPropertiesManager>
                    <properties/>
                  </metaDataModelPropertiesManager>
                  <fields>
                    <org.mule.common.metadata.DefaultMetaDataField>
                      <name>toAirport</name>
                      <model class="org.mule.common.metadata.DefaultSimpleMetaDataModel">
                        <dataType>STRING</dataType>
                        <metaDataModelPropertiesManager>
                          <properties/>
                        </metaDataModelPropertiesManager>
                      </model>
                      <accessType>READ_WRITE</accessType>
                      <metaDataFieldPropertyManager>
                        <properties>
                          <org.mule.common.metadata.field.property.dsql.DsqlSelectMetaDataFieldProperty/>
                          <org.mule.common.metadata.field.property.dsql.DsqlWhereMetaDataFieldProperty/>
                          <org.mule.common.metadata.field.property.dsql.DsqlOrderMetaDataFieldProperty/>
                          <org.mule.common.metadata.field.property.dsql.DsqlQueryOperatorsMetaDataFieldProperty>
                            <supportedOperators>
                              <org.mule.common.query.expression.LessOperator/>
                              <org.mule.common.query.expression.LessOrEqualsOperator/>
                              <org.mule.common.query.expression.EqualsOperator/>
                              <org.mule.common.query.expression.GreaterOperator/>
                              <org.mule.common.query.expression.GreaterOrEqualsOperator/>
                              <org.mule.common.query.expression.NotEqualsOperator/>
                              <org.mule.common.query.expression.LikeOperator/>
                            </supportedOperators>
                          </org.mule.common.metadata.field.property.dsql.DsqlQueryOperatorsMetaDataFieldProperty>
                        </properties>
                      </metaDataFieldPropertyManager>
                    </org.mule.common.metadata.DefaultMetaDataField>
                    <org.mule.common.metadata.DefaultMetaDataField>
                      <name>code2</name>
                      <model class="org.mule.common.metadata.DefaultSimpleMetaDataModel" reference="../../org.mule.common.metadata.DefaultMetaDataField/model"/>
                      <accessType>READ_WRITE</accessType>
                      <metaDataFieldPropertyManager>
                        <properties>
                          <org.mule.common.metadata.field.property.dsql.DsqlSelectMetaDataFieldProperty/>
                          <org.mule.common.metadata.field.property.dsql.DsqlWhereMetaDataFieldProperty/>
                          <org.mule.common.metadata.field.property.dsql.DsqlOrderMetaDataFieldProperty/>
                          <org.mule.common.metadata.field.property.dsql.DsqlQueryOperatorsMetaDataFieldProperty>
                            <supportedOperators>
                              <org.mule.common.query.expression.LessOperator/>
                              <org.mule.common.query.expression.LessOrEqualsOperator/>
                              <org.mule.common.query.expression.EqualsOperator/>
                              <org.mule.common.query.expression.GreaterOperator/>
                              <org.mule.common.query.expression.GreaterOrEqualsOperator/>
                              <org.mule.common.query.expression.NotEqualsOperator/>
                              <org.mule.common.query.expression.LikeOperator/>
                            </supportedOperators>
                          </org.mule.common.metadata.field.property.dsql.DsqlQueryOperatorsMetaDataFieldProperty>
                        </properties>
                      </metaDataFieldPropertyManager>
                    </org.mule.common.metadata.DefaultMetaDataField>
                    <org.mule.common.metadata.DefaultMetaDataField>
                      <name>code1</name>
                      <model class="org.mule.common.metadata.DefaultSimpleMetaDataModel" reference="../../org.mule.common.metadata.DefaultMetaDataField/model"/>
                      <accessType>READ_WRITE</accessType>
                      <metaDataFieldPropertyManager>
                        <properties>
                          <org.mule.common.metadata.field.property.dsql.DsqlSelectMetaDataFieldProperty/>
                          <org.mule.common.metadata.field.property.dsql.DsqlWhereMetaDataFieldProperty/>
                          <org.mule.common.metadata.field.property.dsql.DsqlOrderMetaDataFieldProperty/>
                          <org.mule.common.metadata.field.property.dsql.DsqlQueryOperatorsMetaDataFieldProperty>
                            <supportedOperators>
                              <org.mule.common.query.expression.LessOperator/>
                              <org.mule.common.query.expression.LessOrEqualsOperator/>
                              <org.mule.common.query.expression.EqualsOperator/>
                              <org.mule.common.query.expression.GreaterOperator/>
                              <org.mule.common.query.expression.GreaterOrEqualsOperator/>
                              <org.mule.common.query.expression.NotEqualsOperator/>
                              <org.mule.common.query.expression.LikeOperator/>
                            </supportedOperators>
                          </org.mule.common.metadata.field.property.dsql.DsqlQueryOperatorsMetaDataFieldProperty>
                        </properties>
                      </metaDataFieldPropertyManager>
                    </org.mule.common.metadata.DefaultMetaDataField>
                    <org.mule.common.metadata.DefaultMetaDataField>
                      <name>price</name>
                      <model class="org.mule.common.metadata.DefaultSimpleMetaDataModel">
                        <dataType>SHORT</dataType>
                        <metaDataModelPropertiesManager>
                          <properties/>
                        </metaDataModelPropertiesManager>
                      </model>
                      <accessType>READ_WRITE</accessType>
                      <metaDataFieldPropertyManager>
                        <properties>
                          <org.mule.common.metadata.field.property.dsql.DsqlSelectMetaDataFieldProperty/>
                          <org.mule.common.metadata.field.property.dsql.DsqlWhereMetaDataFieldProperty/>
                          <org.mule.common.metadata.field.property.dsql.DsqlOrderMetaDataFieldProperty/>
                          <org.mule.common.metadata.field.property.dsql.DsqlQueryOperatorsMetaDataFieldProperty>
                            <supportedOperators/>
                          </org.mule.common.metadata.field.property.dsql.DsqlQueryOperatorsMetaDataFieldProperty>
                        </properties>
                      </metaDataFieldPropertyManager>
                    </org.mule.common.metadata.DefaultMetaDataField>
                    <org.mule.common.metadata.DefaultMetaDataField>
                      <name>takeOffDate</name>
                      <model class="org.mule.common.metadata.DefaultSimpleMetaDataModel">
                        <implementationClass>java.sql.Date</implementationClass>
                        <dataType>DATE</dataType>
                        <metaDataModelPropertiesManager>
                          <properties/>
                        </metaDataModelPropertiesManager>
                      </model>
                      <accessType>READ_WRITE</accessType>
                      <metaDataFieldPropertyManager>
                        <properties>
                          <org.mule.common.metadata.field.property.dsql.DsqlSelectMetaDataFieldProperty/>
                          <org.mule.common.metadata.field.property.dsql.DsqlWhereMetaDataFieldProperty/>
                          <org.mule.common.metadata.field.property.dsql.DsqlOrderMetaDataFieldProperty/>
                          <org.mule.common.metadata.field.property.dsql.DsqlQueryOperatorsMetaDataFieldProperty>
                            <supportedOperators>
                              <org.mule.common.query.expression.LessOperator/>
                              <org.mule.common.query.expression.LessOrEqualsOperator/>
                              <org.mule.common.query.expression.EqualsOperator/>
                              <org.mule.common.query.expression.GreaterOperator/>
                              <org.mule.common.query.expression.GreaterOrEqualsOperator/>
                              <org.mule.common.query.expression.NotEqualsOperator/>
                            </supportedOperators>
                          </org.mule.common.metadata.field.property.dsql.DsqlQueryOperatorsMetaDataFieldProperty>
                        </properties>
                      </metaDataFieldPropertyManager>
                    </org.mule.common.metadata.DefaultMetaDataField>
                    <org.mule.common.metadata.DefaultMetaDataField>
                      <name>fromAirport</name>
                      <model class="org.mule.common.metadata.DefaultSimpleMetaDataModel" reference="../../org.mule.common.metadata.DefaultMetaDataField/model"/>
                      <accessType>READ_WRITE</accessType>
                      <metaDataFieldPropertyManager>
                        <properties>
                          <org.mule.common.metadata.field.property.dsql.DsqlSelectMetaDataFieldProperty/>
                          <org.mule.common.metadata.field.property.dsql.DsqlWhereMetaDataFieldProperty/>
                          <org.mule.common.metadata.field.property.dsql.DsqlOrderMetaDataFieldProperty/>
                          <org.mule.common.metadata.field.property.dsql.DsqlQueryOperatorsMetaDataFieldProperty>
                            <supportedOperators>
                              <org.mule.common.query.expression.LessOperator/>
                              <org.mule.common.query.expression.LessOrEqualsOperator/>
                              <org.mule.common.query.expression.EqualsOperator/>
                              <org.mule.common.query.expression.GreaterOperator/>
                              <org.mule.common.query.expression.GreaterOrEqualsOperator/>
                              <org.mule.common.query.expression.NotEqualsOperator/>
                              <org.mule.common.query.expression.LikeOperator/>
                            </supportedOperators>
                          </org.mule.common.metadata.field.property.dsql.DsqlQueryOperatorsMetaDataFieldProperty>
                        </properties>
                      </metaDataFieldPropertyManager>
                    </org.mule.common.metadata.DefaultMetaDataField>
                    <org.mule.common.metadata.DefaultMetaDataField>
                      <name>airlineName</name>
                      <model class="org.mule.common.metadata.DefaultSimpleMetaDataModel" reference="../../org.mule.common.metadata.DefaultMetaDataField/model"/>
                      <accessType>READ_WRITE</accessType>
                      <metaDataFieldPropertyManager>
                        <properties>
                          <org.mule.common.metadata.field.property.dsql.DsqlSelectMetaDataFieldProperty/>
                          <org.mule.common.metadata.field.property.dsql.DsqlWhereMetaDataFieldProperty/>
                          <org.mule.common.metadata.field.property.dsql.DsqlOrderMetaDataFieldProperty/>
                          <org.mule.common.metadata.field.property.dsql.DsqlQueryOperatorsMetaDataFieldProperty>
                            <supportedOperators>
                              <org.mule.common.query.expression.LessOperator/>
                              <org.mule.common.query.expression.LessOrEqualsOperator/>
                              <org.mule.common.query.expression.EqualsOperator/>
                              <org.mule.common.query.expression.GreaterOperator/>
                              <org.mule.common.query.expression.GreaterOrEqualsOperator/>
                              <org.mule.common.query.expression.NotEqualsOperator/>
                              <org.mule.common.query.expression.LikeOperator/>
                            </supportedOperators>
                          </org.mule.common.metadata.field.property.dsql.DsqlQueryOperatorsMetaDataFieldProperty>
                        </properties>
                      </metaDataFieldPropertyManager>
                    </org.mule.common.metadata.DefaultMetaDataField>
                    <org.mule.common.metadata.DefaultMetaDataField>
                      <name>planeType</name>
                      <model class="org.mule.common.metadata.DefaultSimpleMetaDataModel" reference="../../org.mule.common.metadata.DefaultMetaDataField/model"/>
                      <accessType>READ_WRITE</accessType>
                      <metaDataFieldPropertyManager>
                        <properties>
                          <org.mule.common.metadata.field.property.dsql.DsqlSelectMetaDataFieldProperty/>
                          <org.mule.common.metadata.field.property.dsql.DsqlWhereMetaDataFieldProperty/>
                          <org.mule.common.metadata.field.property.dsql.DsqlOrderMetaDataFieldProperty/>
                          <org.mule.common.metadata.field.property.dsql.DsqlQueryOperatorsMetaDataFieldProperty>
                            <supportedOperators>
                              <org.mule.common.query.expression.LessOperator/>
                              <org.mule.common.query.expression.LessOrEqualsOperator/>
                              <org.mule.common.query.expression.EqualsOperator/>
                              <org.mule.common.query.expression.GreaterOperator/>
                              <org.mule.common.query.expression.GreaterOrEqualsOperator/>
                              <org.mule.common.query.expression.NotEqualsOperator/>
                              <org.mule.common.query.expression.LikeOperator/>
                            </supportedOperators>
                          </org.mule.common.metadata.field.property.dsql.DsqlQueryOperatorsMetaDataFieldProperty>
                        </properties>
                      </metaDataFieldPropertyManager>
                    </org.mule.common.metadata.DefaultMetaDataField>
                    <org.mule.common.metadata.DefaultMetaDataField>
                      <name>seatsAvailable</name>
                      <model class="org.mule.common.metadata.DefaultSimpleMetaDataModel" reference="../../org.mule.common.metadata.DefaultMetaDataField/model"/>
                      <accessType>READ_WRITE</accessType>
                      <metaDataFieldPropertyManager>
                        <properties>
                          <org.mule.common.metadata.field.property.dsql.DsqlSelectMetaDataFieldProperty/>
                          <org.mule.common.metadata.field.property.dsql.DsqlWhereMetaDataFieldProperty/>
                          <org.mule.common.metadata.field.property.dsql.DsqlOrderMetaDataFieldProperty/>
                          <org.mule.common.metadata.field.property.dsql.DsqlQueryOperatorsMetaDataFieldProperty>
                            <supportedOperators>
                              <org.mule.common.query.expression.LessOperator/>
                              <org.mule.common.query.expression.LessOrEqualsOperator/>
                              <org.mule.common.query.expression.EqualsOperator/>
                              <org.mule.common.query.expression.GreaterOperator/>
                              <org.mule.common.query.expression.GreaterOrEqualsOperator/>
                              <org.mule.common.query.expression.NotEqualsOperator/>
                              <org.mule.common.query.expression.LikeOperator/>
                            </supportedOperators>
                          </org.mule.common.metadata.field.property.dsql.DsqlQueryOperatorsMetaDataFieldProperty>
                        </properties>
                      </metaDataFieldPropertyManager>
                    </org.mule.common.metadata.DefaultMetaDataField>
                  </fields>
                </model>
                <isArray>false</isArray>
              </payload>
              <properties>
                <entry>
                  <org.mule.common.metadata.MetaDataPropertyScope>OUTBOUND</org.mule.common.metadata.MetaDataPropertyScope>
                  <org.mule.common.metadata.MetaDataProperties>
                    <fields/>
                  </org.mule.common.metadata.MetaDataProperties>
                </entry>
                <entry>
                  <org.mule.common.metadata.MetaDataPropertyScope>FLOW</org.mule.common.metadata.MetaDataPropertyScope>
                  <org.mule.common.metadata.MetaDataProperties>
                    <fields/>
                  </org.mule.common.metadata.MetaDataProperties>
                </entry>
                <entry>
                  <org.mule.common.metadata.MetaDataPropertyScope>RECORD</org.mule.common.metadata.MetaDataPropertyScope>
                  <org.mule.common.metadata.MetaDataProperties>
                    <fields/>
                  </org.mule.common.metadata.MetaDataProperties>
                </entry>
                <entry>
                  <org.mule.common.metadata.MetaDataPropertyScope>SESSION</org.mule.common.metadata.MetaDataPropertyScope>
                  <org.mule.common.metadata.MetaDataProperties>
                    <fields/>
                  </org.mule.common.metadata.MetaDataProperties>
                </entry>
                <entry>
                  <org.mule.common.metadata.MetaDataPropertyScope>INBOUND</org.mule.common.metadata.MetaDataPropertyScope>
                  <org.mule.common.metadata.MetaDataProperties>
                    <fields/>
                  </org.mule.common.metadata.MetaDataProperties>
                </entry>
              </properties>
            </output>
          </org.mule.tooling.metadata.cache.DefaultMetadataCacheEntry>
        </entry>
        <entry>
          <string>select * from flights where toAirport = #[dest]</string>
          <org.mule.tooling.metadata.cache.DefaultMetadataCacheEntry>
            <output class="org.mule.common.metadata.DefaultMetaData">
              <payload class="org.mule.common.metadata.DefaultListMetaDataModel">
                <dataType>LIST</dataType>
                <metaDataModelPropertiesManager>
                  <properties/>
                </metaDataModelPropertiesManager>
                <model class="org.mule.common.metadata.DefaultDefinedMapMetaDataModel">
                  <dataType>MAP</dataType>
                  <metaDataModelPropertiesManager>
                    <properties/>
                  </metaDataModelPropertiesManager>
                  <fields>
                    <org.mule.common.metadata.DefaultMetaDataField>
                      <name>toAirport</name>
                      <model class="org.mule.common.metadata.DefaultSimpleMetaDataModel">
                        <dataType>STRING</dataType>
                        <metaDataModelPropertiesManager>
                          <properties/>
                        </metaDataModelPropertiesManager>
                      </model>
                      <accessType>READ_WRITE</accessType>
                      <metaDataFieldPropertyManager>
                        <properties>
                          <org.mule.common.metadata.field.property.dsql.DsqlSelectMetaDataFieldProperty/>
                          <org.mule.common.metadata.field.property.dsql.DsqlWhereMetaDataFieldProperty/>
                          <org.mule.common.metadata.field.property.dsql.DsqlOrderMetaDataFieldProperty/>
                          <org.mule.common.metadata.field.property.dsql.DsqlQueryOperatorsMetaDataFieldProperty>
                            <supportedOperators>
                              <org.mule.common.query.expression.LessOperator/>
                              <org.mule.common.query.expression.LessOrEqualsOperator/>
                              <org.mule.common.query.expression.EqualsOperator/>
                              <org.mule.common.query.expression.GreaterOperator/>
                              <org.mule.common.query.expression.GreaterOrEqualsOperator/>
                              <org.mule.common.query.expression.NotEqualsOperator/>
                              <org.mule.common.query.expression.LikeOperator/>
                            </supportedOperators>
                          </org.mule.common.metadata.field.property.dsql.DsqlQueryOperatorsMetaDataFieldProperty>
                        </properties>
                      </metaDataFieldPropertyManager>
                    </org.mule.common.metadata.DefaultMetaDataField>
                    <org.mule.common.metadata.DefaultMetaDataField>
                      <name>code2</name>
                      <model class="org.mule.common.metadata.DefaultSimpleMetaDataModel" reference="../../org.mule.common.metadata.DefaultMetaDataField/model"/>
                      <accessType>READ_WRITE</accessType>
                      <metaDataFieldPropertyManager>
                        <properties>
                          <org.mule.common.metadata.field.property.dsql.DsqlSelectMetaDataFieldProperty/>
                          <org.mule.common.metadata.field.property.dsql.DsqlWhereMetaDataFieldProperty/>
                          <org.mule.common.metadata.field.property.dsql.DsqlOrderMetaDataFieldProperty/>
                          <org.mule.common.metadata.field.property.dsql.DsqlQueryOperatorsMetaDataFieldProperty>
                            <supportedOperators>
                              <org.mule.common.query.expression.LessOperator/>
                              <org.mule.common.query.expression.LessOrEqualsOperator/>
                              <org.mule.common.query.expression.EqualsOperator/>
                              <org.mule.common.query.expression.GreaterOperator/>
                              <org.mule.common.query.expression.GreaterOrEqualsOperator/>
                              <org.mule.common.query.expression.NotEqualsOperator/>
                              <org.mule.common.query.expression.LikeOperator/>
                            </supportedOperators>
                          </org.mule.common.metadata.field.property.dsql.DsqlQueryOperatorsMetaDataFieldProperty>
                        </properties>
                      </metaDataFieldPropertyManager>
                    </org.mule.common.metadata.DefaultMetaDataField>
                    <org.mule.common.metadata.DefaultMetaDataField>
                      <name>code1</name>
                      <model class="org.mule.common.metadata.DefaultSimpleMetaDataModel" reference="../../org.mule.common.metadata.DefaultMetaDataField/model"/>
                      <accessType>READ_WRITE</accessType>
                      <metaDataFieldPropertyManager>
                        <properties>
                          <org.mule.common.metadata.field.property.dsql.DsqlSelectMetaDataFieldProperty/>
                          <org.mule.common.metadata.field.property.dsql.DsqlWhereMetaDataFieldProperty/>
                          <org.mule.common.metadata.field.property.dsql.DsqlOrderMetaDataFieldProperty/>
                          <org.mule.common.metadata.field.property.dsql.DsqlQueryOperatorsMetaDataFieldProperty>
                            <supportedOperators>
                              <org.mule.common.query.expression.LessOperator/>
                              <org.mule.common.query.expression.LessOrEqualsOperator/>
                              <org.mule.common.query.expression.EqualsOperator/>
                              <org.mule.common.query.expression.GreaterOperator/>
                              <org.mule.common.query.expression.GreaterOrEqualsOperator/>
                              <org.mule.common.query.expression.NotEqualsOperator/>
                              <org.mule.common.query.expression.LikeOperator/>
                            </supportedOperators>
                          </org.mule.common.metadata.field.property.dsql.DsqlQueryOperatorsMetaDataFieldProperty>
                        </properties>
                      </metaDataFieldPropertyManager>
                    </org.mule.common.metadata.DefaultMetaDataField>
                    <org.mule.common.metadata.DefaultMetaDataField>
                      <name>price</name>
                      <model class="org.mule.common.metadata.DefaultSimpleMetaDataModel">
                        <dataType>SHORT</dataType>
                        <metaDataModelPropertiesManager>
                          <properties/>
                        </metaDataModelPropertiesManager>
                      </model>
                      <accessType>READ_WRITE</accessType>
                      <metaDataFieldPropertyManager>
                        <properties>
                          <org.mule.common.metadata.field.property.dsql.DsqlSelectMetaDataFieldProperty/>
                          <org.mule.common.metadata.field.property.dsql.DsqlWhereMetaDataFieldProperty/>
                          <org.mule.common.metadata.field.property.dsql.DsqlOrderMetaDataFieldProperty/>
                          <org.mule.common.metadata.field.property.dsql.DsqlQueryOperatorsMetaDataFieldProperty>
                            <supportedOperators/>
                          </org.mule.common.metadata.field.property.dsql.DsqlQueryOperatorsMetaDataFieldProperty>
                        </properties>
                      </metaDataFieldPropertyManager>
                    </org.mule.common.metadata.DefaultMetaDataField>
                    <org.mule.common.metadata.DefaultMetaDataField>
                      <name>takeOffDate</name>
                      <model class="org.mule.common.metadata.DefaultSimpleMetaDataModel">
                        <implementationClass>java.sql.Date</implementationClass>
                        <dataType>DATE</dataType>
                        <metaDataModelPropertiesManager>
                          <properties/>
                        </metaDataModelPropertiesManager>
                      </model>
                      <accessType>READ_WRITE</accessType>
                      <metaDataFieldPropertyManager>
                        <properties>
                          <org.mule.common.metadata.field.property.dsql.DsqlSelectMetaDataFieldProperty/>
                          <org.mule.common.metadata.field.property.dsql.DsqlWhereMetaDataFieldProperty/>
                          <org.mule.common.metadata.field.property.dsql.DsqlOrderMetaDataFieldProperty/>
                          <org.mule.common.metadata.field.property.dsql.DsqlQueryOperatorsMetaDataFieldProperty>
                            <supportedOperators>
                              <org.mule.common.query.expression.LessOperator/>
                              <org.mule.common.query.expression.LessOrEqualsOperator/>
                              <org.mule.common.query.expression.EqualsOperator/>
                              <org.mule.common.query.expression.GreaterOperator/>
                              <org.mule.common.query.expression.GreaterOrEqualsOperator/>
                              <org.mule.common.query.expression.NotEqualsOperator/>
                            </supportedOperators>
                          </org.mule.common.metadata.field.property.dsql.DsqlQueryOperatorsMetaDataFieldProperty>
                        </properties>
                      </metaDataFieldPropertyManager>
                    </org.mule.common.metadata.DefaultMetaDataField>
                    <org.mule.common.metadata.DefaultMetaDataField>
                      <name>fromAirport</name>
                      <model class="org.mule.common.metadata.DefaultSimpleMetaDataModel" reference="../../org.mule.common.metadata.DefaultMetaDataField/model"/>
                      <accessType>READ_WRITE</accessType>
                      <metaDataFieldPropertyManager>
                        <properties>
                          <org.mule.common.metadata.field.property.dsql.DsqlSelectMetaDataFieldProperty/>
                          <org.mule.common.metadata.field.property.dsql.DsqlWhereMetaDataFieldProperty/>
                          <org.mule.common.metadata.field.property.dsql.DsqlOrderMetaDataFieldProperty/>
                          <org.mule.common.metadata.field.property.dsql.DsqlQueryOperatorsMetaDataFieldProperty>
                            <supportedOperators>
                              <org.mule.common.query.expression.LessOperator/>
                              <org.mule.common.query.expression.LessOrEqualsOperator/>
                              <org.mule.common.query.expression.EqualsOperator/>
                              <org.mule.common.query.expression.GreaterOperator/>
                              <org.mule.common.query.expression.GreaterOrEqualsOperator/>
                              <org.mule.common.query.expression.NotEqualsOperator/>
                              <org.mule.common.query.expression.LikeOperator/>
                            </supportedOperators>
                          </org.mule.common.metadata.field.property.dsql.DsqlQueryOperatorsMetaDataFieldProperty>
                        </properties>
                      </metaDataFieldPropertyManager>
                    </org.mule.common.metadata.DefaultMetaDataField>
                    <org.mule.common.metadata.DefaultMetaDataField>
                      <name>airlineName</name>
                      <model class="org.mule.common.metadata.DefaultSimpleMetaDataModel" reference="../../org.mule.common.metadata.DefaultMetaDataField/model"/>
                      <accessType>READ_WRITE</accessType>
                      <metaDataFieldPropertyManager>
                        <properties>
                          <org.mule.common.metadata.field.property.dsql.DsqlSelectMetaDataFieldProperty/>
                          <org.mule.common.metadata.field.property.dsql.DsqlWhereMetaDataFieldProperty/>
                          <org.mule.common.metadata.field.property.dsql.DsqlOrderMetaDataFieldProperty/>
                          <org.mule.common.metadata.field.property.dsql.DsqlQueryOperatorsMetaDataFieldProperty>
                            <supportedOperators>
                              <org.mule.common.query.expression.LessOperator/>
                              <org.mule.common.query.expression.LessOrEqualsOperator/>
                              <org.mule.common.query.expression.EqualsOperator/>
                              <org.mule.common.query.expression.GreaterOperator/>
                              <org.mule.common.query.expression.GreaterOrEqualsOperator/>
                              <org.mule.common.query.expression.NotEqualsOperator/>
                              <org.mule.common.query.expression.LikeOperator/>
                            </supportedOperators>
                          </org.mule.common.metadata.field.property.dsql.DsqlQueryOperatorsMetaDataFieldProperty>
                        </properties>
                      </metaDataFieldPropertyManager>
                    </org.mule.common.metadata.DefaultMetaDataField>
                    <org.mule.common.metadata.DefaultMetaDataField>
                      <name>planeType</name>
                      <model class="org.mule.common.metadata.DefaultSimpleMetaDataModel" reference="../../org.mule.common.metadata.DefaultMetaDataField/model"/>
                      <accessType>READ_WRITE</accessType>
                      <metaDataFieldPropertyManager>
                        <properties>
                          <org.mule.common.metadata.field.property.dsql.DsqlSelectMetaDataFieldProperty/>
                          <org.mule.common.metadata.field.property.dsql.DsqlWhereMetaDataFieldProperty/>
                          <org.mule.common.metadata.field.property.dsql.DsqlOrderMetaDataFieldProperty/>
                          <org.mule.common.metadata.field.property.dsql.DsqlQueryOperatorsMetaDataFieldProperty>
                            <supportedOperators>
                              <org.mule.common.query.expression.LessOperator/>
                              <org.mule.common.query.expression.LessOrEqualsOperator/>
                              <org.mule.common.query.expression.EqualsOperator/>
                              <org.mule.common.query.expression.GreaterOperator/>
                              <org.mule.common.query.expression.GreaterOrEqualsOperator/>
                              <org.mule.common.query.expression.NotEqualsOperator/>
                              <org.mule.common.query.expression.LikeOperator/>
                            </supportedOperators>
                          </org.mule.common.metadata.field.property.dsql.DsqlQueryOperatorsMetaDataFieldProperty>
                        </properties>
                      </metaDataFieldPropertyManager>
                    </org.mule.common.metadata.DefaultMetaDataField>
                    <org.mule.common.metadata.DefaultMetaDataField>
                      <name>seatsAvailable</name>
                      <model class="org.mule.common.metadata.DefaultSimpleMetaDataModel" reference="../../org.mule.common.metadata.DefaultMetaDataField/model"/>
                      <accessType>READ_WRITE</accessType>
                      <metaDataFieldPropertyManager>
                        <properties>
                          <org.mule.common.metadata.field.property.dsql.DsqlSelectMetaDataFieldProperty/>
                          <org.mule.common.metadata.field.property.dsql.DsqlWhereMetaDataFieldProperty/>
                          <org.mule.common.metadata.field.property.dsql.DsqlOrderMetaDataFieldProperty/>
                          <org.mule.common.metadata.field.property.dsql.DsqlQueryOperatorsMetaDataFieldProperty>
                            <supportedOperators>
                              <org.mule.common.query.expression.LessOperator/>
                              <org.mule.common.query.expression.LessOrEqualsOperator/>
                              <org.mule.common.query.expression.EqualsOperator/>
                              <org.mule.common.query.expression.GreaterOperator/>
                              <org.mule.common.query.expression.GreaterOrEqualsOperator/>
                              <org.mule.common.query.expression.NotEqualsOperator/>
                              <org.mule.common.query.expression.LikeOperator/>
                            </supportedOperators>
                          </org.mule.common.metadata.field.property.dsql.DsqlQueryOperatorsMetaDataFieldProperty>
                        </properties>
                      </metaDataFieldPropertyManager>
                    </org.mule.common.metadata.DefaultMetaDataField>
                  </fields>
                </model>
                <isArray>false</isArray>
              </payload>
              <properties>
                <entry>
                  <org.mule.common.metadata.MetaDataPropertyScope>OUTBOUND</org.mule.common.metadata.MetaDataPropertyScope>
                  <org.mule.common.metadata.MetaDataProperties>
                    <fields/>
                  </org.mule.common.metadata.MetaDataProperties>
                </entry>
                <entry>
                  <org.mule.common.metadata.MetaDataPropertyScope>FLOW</org.mule.common.metadata.MetaDataPropertyScope>
                  <org.mule.common.metadata.MetaDataProperties>
                    <fields/>
                  </org.mule.common.metadata.MetaDataProperties>
                </entry>
                <entry>
                  <org.mule.common.metadata.MetaDataPropertyScope>RECORD</org.mule.common.metadata.MetaDataPropertyScope>
                  <org.mule.common.metadata.MetaDataProperties>
                    <fields/>
                  </org.mule.common.metadata.MetaDataProperties>
                </entry>
                <entry>
                  <org.mule.common.metadata.MetaDataPropertyScope>SESSION</org.mule.common.metadata.MetaDataPropertyScope>
                  <org.mule.common.metadata.MetaDataProperties>
                    <fields/>
                  </org.mule.common.metadata.MetaDataProperties>
                </entry>
                <entry>
                  <org.mule.common.metadata.MetaDataPropertyScope>INBOUND</org.mule.common.metadata.MetaDataPropertyScope>
                  <org.mule.common.metadata.MetaDataProperties>
                    <fields/>
                  </org.mule.common.metadata.MetaDataProperties>
                </entry>
              </properties>
            </output>
          </org.mule.tooling.metadata.cache.DefaultMetadataCacheEntry>
        </entry>
        <entry>
          <string>select * from flights where toAirport = #[destination]</string>
          <org.mule.tooling.metadata.cache.DefaultMetadataCacheEntry>
            <output class="org.mule.common.metadata.DefaultMetaData">
              <payload class="org.mule.common.metadata.DefaultListMetaDataModel">
                <dataType>LIST</dataType>
                <metaDataModelPropertiesManager>
                  <properties/>
                </metaDataModelPropertiesManager>
                <model class="org.mule.common.metadata.DefaultDefinedMapMetaDataModel">
                  <dataType>MAP</dataType>
                  <metaDataModelPropertiesManager>
                    <properties/>
                  </metaDataModelPropertiesManager>
                  <fields>
                    <org.mule.common.metadata.DefaultMetaDataField>
                      <name>toAirport</name>
                      <model class="org.mule.common.metadata.DefaultSimpleMetaDataModel">
                        <dataType>STRING</dataType>
                        <metaDataModelPropertiesManager>
                          <properties/>
                        </metaDataModelPropertiesManager>
                      </model>
                      <accessType>READ_WRITE</accessType>
                      <metaDataFieldPropertyManager>
                        <properties>
                          <org.mule.common.metadata.field.property.dsql.DsqlSelectMetaDataFieldProperty/>
                          <org.mule.common.metadata.field.property.dsql.DsqlWhereMetaDataFieldProperty/>
                          <org.mule.common.metadata.field.property.dsql.DsqlOrderMetaDataFieldProperty/>
                          <org.mule.common.metadata.field.property.dsql.DsqlQueryOperatorsMetaDataFieldProperty>
                            <supportedOperators>
                              <org.mule.common.query.expression.LessOperator/>
                              <org.mule.common.query.expression.LessOrEqualsOperator/>
                              <org.mule.common.query.expression.EqualsOperator/>
                              <org.mule.common.query.expression.GreaterOperator/>
                              <org.mule.common.query.expression.GreaterOrEqualsOperator/>
                              <org.mule.common.query.expression.NotEqualsOperator/>
                              <org.mule.common.query.expression.LikeOperator/>
                            </supportedOperators>
                          </org.mule.common.metadata.field.property.dsql.DsqlQueryOperatorsMetaDataFieldProperty>
                        </properties>
                      </metaDataFieldPropertyManager>
                    </org.mule.common.metadata.DefaultMetaDataField>
                    <org.mule.common.metadata.DefaultMetaDataField>
                      <name>code2</name>
                      <model class="org.mule.common.metadata.DefaultSimpleMetaDataModel" reference="../../org.mule.common.metadata.DefaultMetaDataField/model"/>
                      <accessType>READ_WRITE</accessType>
                      <metaDataFieldPropertyManager>
                        <properties>
                          <org.mule.common.metadata.field.property.dsql.DsqlSelectMetaDataFieldProperty/>
                          <org.mule.common.metadata.field.property.dsql.DsqlWhereMetaDataFieldProperty/>
                          <org.mule.common.metadata.field.property.dsql.DsqlOrderMetaDataFieldProperty/>
                          <org.mule.common.metadata.field.property.dsql.DsqlQueryOperatorsMetaDataFieldProperty>
                            <supportedOperators>
                              <org.mule.common.query.expression.LessOperator/>
                              <org.mule.common.query.expression.LessOrEqualsOperator/>
                              <org.mule.common.query.expression.EqualsOperator/>
                              <org.mule.common.query.expression.GreaterOperator/>
                              <org.mule.common.query.expression.GreaterOrEqualsOperator/>
                              <org.mule.common.query.expression.NotEqualsOperator/>
                              <org.mule.common.query.expression.LikeOperator/>
                            </supportedOperators>
                          </org.mule.common.metadata.field.property.dsql.DsqlQueryOperatorsMetaDataFieldProperty>
                        </properties>
                      </metaDataFieldPropertyManager>
                    </org.mule.common.metadata.DefaultMetaDataField>
                    <org.mule.common.metadata.DefaultMetaDataField>
                      <name>code1</name>
                      <model class="org.mule.common.metadata.DefaultSimpleMetaDataModel" reference="../../org.mule.common.metadata.DefaultMetaDataField/model"/>
                      <accessType>READ_WRITE</accessType>
                      <metaDataFieldPropertyManager>
                        <properties>
                          <org.mule.common.metadata.field.property.dsql.DsqlSelectMetaDataFieldProperty/>
                          <org.mule.common.metadata.field.property.dsql.DsqlWhereMetaDataFieldProperty/>
                          <org.mule.common.metadata.field.property.dsql.DsqlOrderMetaDataFieldProperty/>
                          <org.mule.common.metadata.field.property.dsql.DsqlQueryOperatorsMetaDataFieldProperty>
                            <supportedOperators>
                              <org.mule.common.query.expression.LessOperator/>
                              <org.mule.common.query.expression.LessOrEqualsOperator/>
                              <org.mule.common.query.expression.EqualsOperator/>
                              <org.mule.common.query.expression.GreaterOperator/>
                              <org.mule.common.query.expression.GreaterOrEqualsOperator/>
                              <org.mule.common.query.expression.NotEqualsOperator/>
                              <org.mule.common.query.expression.LikeOperator/>
                            </supportedOperators>
                          </org.mule.common.metadata.field.property.dsql.DsqlQueryOperatorsMetaDataFieldProperty>
                        </properties>
                      </metaDataFieldPropertyManager>
                    </org.mule.common.metadata.DefaultMetaDataField>
                    <org.mule.common.metadata.DefaultMetaDataField>
                      <name>price</name>
                      <model class="org.mule.common.metadata.DefaultSimpleMetaDataModel">
                        <dataType>SHORT</dataType>
                        <metaDataModelPropertiesManager>
                          <properties/>
                        </metaDataModelPropertiesManager>
                      </model>
                      <accessType>READ_WRITE</accessType>
                      <metaDataFieldPropertyManager>
                        <properties>
                          <org.mule.common.metadata.field.property.dsql.DsqlSelectMetaDataFieldProperty/>
                          <org.mule.common.metadata.field.property.dsql.DsqlWhereMetaDataFieldProperty/>
                          <org.mule.common.metadata.field.property.dsql.DsqlOrderMetaDataFieldProperty/>
                          <org.mule.common.metadata.field.property.dsql.DsqlQueryOperatorsMetaDataFieldProperty>
                            <supportedOperators/>
                          </org.mule.common.metadata.field.property.dsql.DsqlQueryOperatorsMetaDataFieldProperty>
                        </properties>
                      </metaDataFieldPropertyManager>
                    </org.mule.common.metadata.DefaultMetaDataField>
                    <org.mule.common.metadata.DefaultMetaDataField>
                      <name>takeOffDate</name>
                      <model class="org.mule.common.metadata.DefaultSimpleMetaDataModel">
                        <implementationClass>java.sql.Date</implementationClass>
                        <dataType>DATE</dataType>
                        <metaDataModelPropertiesManager>
                          <properties/>
                        </metaDataModelPropertiesManager>
                      </model>
                      <accessType>READ_WRITE</accessType>
                      <metaDataFieldPropertyManager>
                        <properties>
                          <org.mule.common.metadata.field.property.dsql.DsqlSelectMetaDataFieldProperty/>
                          <org.mule.common.metadata.field.property.dsql.DsqlWhereMetaDataFieldProperty/>
                          <org.mule.common.metadata.field.property.dsql.DsqlOrderMetaDataFieldProperty/>
                          <org.mule.common.metadata.field.property.dsql.DsqlQueryOperatorsMetaDataFieldProperty>
                            <supportedOperators>
                              <org.mule.common.query.expression.LessOperator/>
                              <org.mule.common.query.expression.LessOrEqualsOperator/>
                              <org.mule.common.query.expression.EqualsOperator/>
                              <org.mule.common.query.expression.GreaterOperator/>
                              <org.mule.common.query.expression.GreaterOrEqualsOperator/>
                              <org.mule.common.query.expression.NotEqualsOperator/>
                            </supportedOperators>
                          </org.mule.common.metadata.field.property.dsql.DsqlQueryOperatorsMetaDataFieldProperty>
                        </properties>
                      </metaDataFieldPropertyManager>
                    </org.mule.common.metadata.DefaultMetaDataField>
                    <org.mule.common.metadata.DefaultMetaDataField>
                      <name>fromAirport</name>
                      <model class="org.mule.common.metadata.DefaultSimpleMetaDataModel" reference="../../org.mule.common.metadata.DefaultMetaDataField/model"/>
                      <accessType>READ_WRITE</accessType>
                      <metaDataFieldPropertyManager>
                        <properties>
                          <org.mule.common.metadata.field.property.dsql.DsqlSelectMetaDataFieldProperty/>
                          <org.mule.common.metadata.field.property.dsql.DsqlWhereMetaDataFieldProperty/>
                          <org.mule.common.metadata.field.property.dsql.DsqlOrderMetaDataFieldProperty/>
                          <org.mule.common.metadata.field.property.dsql.DsqlQueryOperatorsMetaDataFieldProperty>
                            <supportedOperators>
                              <org.mule.common.query.expression.LessOperator/>
                              <org.mule.common.query.expression.LessOrEqualsOperator/>
                              <org.mule.common.query.expression.EqualsOperator/>
                              <org.mule.common.query.expression.GreaterOperator/>
                              <org.mule.common.query.expression.GreaterOrEqualsOperator/>
                              <org.mule.common.query.expression.NotEqualsOperator/>
                              <org.mule.common.query.expression.LikeOperator/>
                            </supportedOperators>
                          </org.mule.common.metadata.field.property.dsql.DsqlQueryOperatorsMetaDataFieldProperty>
                        </properties>
                      </metaDataFieldPropertyManager>
                    </org.mule.common.metadata.DefaultMetaDataField>
                    <org.mule.common.metadata.DefaultMetaDataField>
                      <name>airlineName</name>
                      <model class="org.mule.common.metadata.DefaultSimpleMetaDataModel" reference="../../org.mule.common.metadata.DefaultMetaDataField/model"/>
                      <accessType>READ_WRITE</accessType>
                      <metaDataFieldPropertyManager>
                        <properties>
                          <org.mule.common.metadata.field.property.dsql.DsqlSelectMetaDataFieldProperty/>
                          <org.mule.common.metadata.field.property.dsql.DsqlWhereMetaDataFieldProperty/>
                          <org.mule.common.metadata.field.property.dsql.DsqlOrderMetaDataFieldProperty/>
                          <org.mule.common.metadata.field.property.dsql.DsqlQueryOperatorsMetaDataFieldProperty>
                            <supportedOperators>
                              <org.mule.common.query.expression.LessOperator/>
                              <org.mule.common.query.expression.LessOrEqualsOperator/>
                              <org.mule.common.query.expression.EqualsOperator/>
                              <org.mule.common.query.expression.GreaterOperator/>
                              <org.mule.common.query.expression.GreaterOrEqualsOperator/>
                              <org.mule.common.query.expression.NotEqualsOperator/>
                              <org.mule.common.query.expression.LikeOperator/>
                            </supportedOperators>
                          </org.mule.common.metadata.field.property.dsql.DsqlQueryOperatorsMetaDataFieldProperty>
                        </properties>
                      </metaDataFieldPropertyManager>
                    </org.mule.common.metadata.DefaultMetaDataField>
                    <org.mule.common.metadata.DefaultMetaDataField>
                      <name>planeType</name>
                      <model class="org.mule.common.metadata.DefaultSimpleMetaDataModel" reference="../../org.mule.common.metadata.DefaultMetaDataField/model"/>
                      <accessType>READ_WRITE</accessType>
                      <metaDataFieldPropertyManager>
                        <properties>
                          <org.mule.common.metadata.field.property.dsql.DsqlSelectMetaDataFieldProperty/>
                          <org.mule.common.metadata.field.property.dsql.DsqlWhereMetaDataFieldProperty/>
                          <org.mule.common.metadata.field.property.dsql.DsqlOrderMetaDataFieldProperty/>
                          <org.mule.common.metadata.field.property.dsql.DsqlQueryOperatorsMetaDataFieldProperty>
                            <supportedOperators>
                              <org.mule.common.query.expression.LessOperator/>
                              <org.mule.common.query.expression.LessOrEqualsOperator/>
                              <org.mule.common.query.expression.EqualsOperator/>
                              <org.mule.common.query.expression.GreaterOperator/>
                              <org.mule.common.query.expression.GreaterOrEqualsOperator/>
                              <org.mule.common.query.expression.NotEqualsOperator/>
                              <org.mule.common.query.expression.LikeOperator/>
                            </supportedOperators>
                          </org.mule.common.metadata.field.property.dsql.DsqlQueryOperatorsMetaDataFieldProperty>
                        </properties>
                      </metaDataFieldPropertyManager>
                    </org.mule.common.metadata.DefaultMetaDataField>
                    <org.mule.common.metadata.DefaultMetaDataField>
                      <name>seatsAvailable</name>
                      <model class="org.mule.common.metadata.DefaultSimpleMetaDataModel" reference="../../org.mule.common.metadata.DefaultMetaDataField/model"/>
                      <accessType>READ_WRITE</accessType>
                      <metaDataFieldPropertyManager>
                        <properties>
                          <org.mule.common.metadata.field.property.dsql.DsqlSelectMetaDataFieldProperty/>
                          <org.mule.common.metadata.field.property.dsql.DsqlWhereMetaDataFieldProperty/>
                          <org.mule.common.metadata.field.property.dsql.DsqlOrderMetaDataFieldProperty/>
                          <org.mule.common.metadata.field.property.dsql.DsqlQueryOperatorsMetaDataFieldProperty>
                            <supportedOperators>
                              <org.mule.common.query.expression.LessOperator/>
                              <org.mule.common.query.expression.LessOrEqualsOperator/>
                              <org.mule.common.query.expression.EqualsOperator/>
                              <org.mule.common.query.expression.GreaterOperator/>
                              <org.mule.common.query.expression.GreaterOrEqualsOperator/>
                              <org.mule.common.query.expression.NotEqualsOperator/>
                              <org.mule.common.query.expression.LikeOperator/>
                            </supportedOperators>
                          </org.mule.common.metadata.field.property.dsql.DsqlQueryOperatorsMetaDataFieldProperty>
                        </properties>
                      </metaDataFieldPropertyManager>
                    </org.mule.common.metadata.DefaultMetaDataField>
                  </fields>
                </model>
                <isArray>false</isArray>
              </payload>
              <properties>
                <entry>
                  <org.mule.common.metadata.MetaDataPropertyScope>OUTBOUND</org.mule.common.metadata.MetaDataPropertyScope>
                  <org.mule.common.metadata.MetaDataProperties>
                    <fields/>
                  </org.mule.common.metadata.MetaDataProperties>
                </entry>
                <entry>
                  <org.mule.common.metadata.MetaDataPropertyScope>FLOW</org.mule.common.metadata.MetaDataPropertyScope>
                  <org.mule.common.metadata.MetaDataProperties>
                    <fields/>
                  </org.mule.common.metadata.MetaDataProperties>
                </entry>
                <entry>
                  <org.mule.common.metadata.MetaDataPropertyScope>RECORD</org.mule.common.metadata.MetaDataPropertyScope>
                  <org.mule.common.metadata.MetaDataProperties>
                    <fields/>
                  </org.mule.common.metadata.MetaDataProperties>
                </entry>
                <entry>
                  <org.mule.common.metadata.MetaDataPropertyScope>SESSION</org.mule.common.metadata.MetaDataPropertyScope>
                  <org.mule.common.metadata.MetaDataProperties>
                    <fields/>
                  </org.mule.common.metadata.MetaDataProperties>
                </entry>
                <entry>
                  <org.mule.common.metadata.MetaDataPropertyScope>INBOUND</org.mule.common.metadata.MetaDataPropertyScope>
                  <org.mule.common.metadata.MetaDataProperties>
                    <fields/>
                  </org.mule.common.metadata.MetaDataProperties>
                </entry>
              </properties>
            </output>
          </org.mule.tooling.metadata.cache.DefaultMetadataCacheEntry>
        </entry>
      </map>
    </entry>
  </metadataIo>
</metadata__cache__entry>